CobbleID,DistanceBetweenLegs,Y,S
1,16.52,8.26,1.86
1,16.52,8.26,0.89
1,16.52,8.26,1.26
1,16.52,8.26,2.18
1,16.52,8.26,1.19
1,16.52,8.26,1.12
1,16.52,8.26,1.78
1,16.52,8.26,1.91
1,16.52,8.26,0.72
1,16.52,8.26,0.73
1,16.52,8.26,1.84
1,16.52,8.26,1.03
1,16.52,8.26,2.23
1,16.52,8.26,0.48
1,16.52,8.26,0.65
1,16.52,8.26,1.41
1,16.52,8.26,1.64
1,16.52,8.26,3.79
1,16.52,8.26,1.08
1,16.52,8.26,0.62
1,16.52,8.26,1.73
1,16.52,8.26,3.72
1,16.52,8.26,1.35
1,16.52,8.26,0.598
1,16.52,8.26,1.78
1,16.52,8.26,1.64
1,16.52,8.26,2.48
1,16.52,8.26,1.99
1,16.52,8.26,0.98
1,16.52,8.26,2.13
1,16.52,8.26,0.89
1,16.52,8.26,2.58
1,16.52,8.26,1.12
1,16.52,8.26,0.48
1,16.52,8.26,1.73
1,16.52,8.26,1.58
1,16.52,8.26,1.08
1,16.52,8.26,1.79
1,16.52,8.26,0.37
1,16.52,8.26,1.07
1,16.52,8.26,1.73
1,16.52,8.26,1.39
1,16.52,8.26,2
1,16.52,8.26,1.28
1,16.52,8.26,1.32
1,16.52,8.26,1.8
1,16.52,8.26,1.8
1,16.52,8.26,1.98
1,16.52,8.26,0.18
1,16.52,8.26,1.43
1,16.52,8.26,2.38
1,16.52,8.26,2.33
1,16.52,8.26,0.52
1,16.52,8.26,1.6
1,16.52,8.26,1.53
1,16.52,8.26,0.58
1,16.52,8.26,1.14
1,16.52,8.26,1.02
1,16.52,8.26,1.66
1,16.52,8.26,0.66
1,16.52,8.26,1.6
1,16.52,8.26,0.32
1,16.52,8.26,0.97
1,16.52,8.26,1.33
1,16.52,8.26,0.71
1,16.52,8.26,0.82
1,16.52,8.26,1.36
1,16.52,8.26,0.91
1,16.52,8.26,0.46
1,16.52,8.26,0.93
1,16.52,8.26,0.78
1,16.52,8.26,1.23
1,16.52,8.26,1.25
1,16.52,8.26,1.2
1,16.52,8.26,0.76
1,16.52,8.26,1.44
1,16.52,8.26,1.58
1,16.52,8.26,1.91
1,16.52,8.26,0.95
1,16.52,8.26,0.3
1,16.52,8.26,0.63
1,16.52,8.26,1.26
1,16.52,8.26,2.66
1,16.52,8.26,2.32
1,16.52,8.26,0.8
1,16.52,8.26,0.2
1,16.52,8.26,0.001
1,16.52,8.26,1.1
1,16.52,8.26,1.62
1,16.52,8.26,1.95
1,16.52,8.26,1.31
1,16.52,8.26,0.12
1,16.52,8.26,0.36
1,16.52,8.26,1.72
1,16.52,8.26,2.37
1,16.52,8.26,0.88
1,16.52,8.26,0.12
1,16.52,8.26,0.34
1,16.52,8.26,1.93
1,16.52,8.26,1.05
1,16.52,8.26,0.73
1,16.52,8.26,0.21
1,16.52,8.26,0.05
1,16.52,8.26,0.83
1,16.52,8.26,2.83
1,16.52,8.26,2.4
1,16.52,8.26,0.43
1,16.52,8.26,0.16
1,16.52,8.26,0.7
1,16.52,8.26,3.15
1,16.52,8.26,0.61
1,16.52,8.26,1.31
1,16.52,8.26,1.81
1,16.52,8.26,2.29
1,16.52,8.26,0.84
1,16.52,8.26,0.69
1,16.52,8.26,0.16
1,16.52,8.26,2.52
1,16.52,8.26,2.24
1,16.52,8.26,0.77
1,16.52,8.26,0.55
1,16.52,8.26,2.22
1,16.52,8.26,1.63
1,16.52,8.26,2.15
1,16.52,8.26,0.97
1,16.52,8.26,0.17
1,16.52,8.26,0.59
1,16.52,8.26,2.68
1,16.52,8.26,2.06
1,16.52,8.26,0.63
1,16.52,8.26,0.75
1,16.52,8.26,0.25
1,16.52,8.26,0.49
1,16.52,8.26,0.87
1,16.52,8.26,2.82
1,16.52,8.26,2.31
1,16.52,8.26,0.49
1,16.52,8.26,0.43
1,16.52,8.26,0.12
1,16.52,8.26,0.08
1,16.52,8.26,0.39
1,16.52,8.26,0.65
1,16.52,8.26,2.55
1,16.52,8.26,1.87
1,16.52,8.26,0.79
1,16.52,8.26,0.2
1,16.52,8.26,0.35
1,16.52,8.26,0.49
1,16.52,8.26,0.25
1,16.52,8.26,0.07
1,16.52,8.26,2.75
1,16.52,8.26,1.76
1,16.52,8.26,0.55
1,16.52,8.26,0.57
1,16.52,8.26,0.85
1,16.52,8.26,1.18
1,16.52,8.26,3.28
1,16.52,8.26,0.89
1,16.52,8.26,2.06
1,16.52,8.26,1.53
1,16.52,8.26,1.05
1,16.52,8.26,1.98
1,16.52,8.26,2.01
1,16.52,8.26,0.94
1,16.52,8.26,2.72
1,16.52,8.26,1.34
1,16.52,8.26,1.34
1,16.52,8.26,0.79
1,16.52,8.26,1.59
1,16.52,8.26,0.09
1,16.52,8.26,1.24
1,16.52,8.26,1.24
1,16.52,8.26,1.63
1,16.52,8.26,0.63
1,16.52,8.26,2.33
1,16.52,8.26,1
1,16.52,8.26,0.81
1,16.52,8.26,0.03
1,16.52,8.26,0.78
1,16.52,8.26,0.95
1,16.52,8.26,2.16
1,16.52,8.26,0.98
1,16.52,8.26,1.02
1,16.52,8.26,0.11
1,16.52,8.26,0.7
1,16.52,8.26,1.02
1,16.52,8.26,2.6
1,16.52,8.26,0.81
1,16.52,8.26,0.79
1,16.52,8.26,0.08
1,16.52,8.26,0.95
1,16.52,8.26,1.43
1,16.52,8.26,2.78
1,16.52,8.26,2.08
1,16.52,8.26,0.73
1,16.52,8.26,0.83
1,16.52,8.26,0.34
1,16.52,8.26,0.23
1,16.52,8.26,0.11
1,16.52,8.26,0.71
1,16.52,8.26,2.51
1,16.52,8.26,1.39
1,16.52,8.26,0.67
1,16.52,8.26,0.38
1,16.52,8.26,0.46
1,16.52,8.26,0.18
1,16.52,8.26,0.43
1,16.52,8.26,1.08
1,16.52,8.26,1.8
1,16.52,8.26,1.56
1,16.52,8.26,0.07
1,16.52,8.26,0.3
1,16.52,8.26,1.21
1,16.52,8.26,1.8
1,16.52,8.26,1.23
1,16.52,8.26,0.08
1,16.52,8.26,0.38
1,16.52,8.26,0.46
1,16.52,8.26,0.48
1,16.52,8.26,2.19
1,16.52,8.26,0.52
2,16.52,8.26,2.02
2,16.52,8.26,1.54
2,16.52,8.26,1.21
2,16.52,8.26,1.8
2,16.52,8.26,1.63
2,16.52,8.26,1.3
2,16.52,8.26,1.6
2,16.52,8.26,1.63
2,16.52,8.26,1.98
2,16.52,8.26,0.95
2,16.52,8.26,0.34
2,16.52,8.26,1.84
2,16.52,8.26,1.04
2,16.52,8.26,2.37
2,16.52,8.26,0.8
2,16.52,8.26,0.1
2,16.52,8.26,0.21
2,16.52,8.26,1.38
2,16.52,8.26,1.54
2,16.52,8.26,1.66
2,16.52,8.26,2.38
2,16.52,8.26,1.23
2,16.52,8.26,0.14
2,16.52,8.26,0.21
2,16.52,8.26,1.23
2,16.52,8.26,1.71
2,16.52,8.26,1.58
2,16.52,8.26,2.4
2,16.52,8.26,0.87
2,16.52,8.26,0.18
2,16.52,8.26,0.12
2,16.52,8.26,1.12
2,16.52,8.26,1.91
2,16.52,8.26,1.53
2,16.52,8.26,1.73
2,16.52,8.26,2.18
2,16.52,8.26,1.06
2,16.52,8.26,0.27
2,16.52,8.26,0.19
2,16.52,8.26,1.14
2,16.52,8.26,2.02
2,16.52,8.26,1.71
2,16.52,8.26,2.02
2,16.52,8.26,1.91
2,16.52,8.26,1.39
2,16.52,8.26,0.63
2,16.52,8.26,0.27
2,16.52,8.26,0.89
2,16.52,8.26,1.94
2,16.52,8.26,1.94
2,16.52,8.26,2.03
2,16.52,8.26,1.31
2,16.52,8.26,0.49
2,16.52,8.26,0.87
2,16.52,8.26,0.53
2,16.52,8.26,1.54
2,16.52,8.26,1.58
2,16.52,8.26,1.58
2,16.52,8.26,0.93
2,16.52,8.26,0.32
2,16.52,8.26,1.45
2,16.52,8.26,1.8
2,16.52,8.26,1.35
2,16.52,8.26,1.15
2,16.52,8.26,0.98
2,16.52,8.26,0.85
2,16.52,8.26,0.71
2,16.52,8.26,0.95
2,16.52,8.26,1.89
2,16.52,8.26,2.05
2,16.52,8.26,0.89
2,16.52,8.26,0.26
2,16.52,8.26,0.36
2,16.52,8.26,0.51
2,16.52,8.26,1.31
2,16.52,8.26,2.46
2,16.52,8.26,0.12
2,16.52,8.26,0.46
2,16.52,8.26,2.62
2,16.52,8.26,2.18
2,16.52,8.26,1.25
2,16.52,8.26,0.21
2,16.52,8.26,0.12
2,16.52,8.26,0.35
2,16.52,8.26,1.5
2,16.52,8.26,2.12
2,16.52,8.26,1.59
2,16.52,8.26,1.61
2,16.52,8.26,0.86
2,16.52,8.26,0.32
2,16.52,8.26,0.47
2,16.52,8.26,1.59
2,16.52,8.26,1.63
2,16.52,8.26,1.32
2,16.52,8.26,0.38
2,16.52,8.26,0.01
2,16.52,8.26,1.48
2,16.52,8.26,1.58
2,16.52,8.26,2.59
2,16.52,8.26,1.32
2,16.52,8.26,2.38
2,16.52,8.26,2.92
2,16.52,8.26,1.17
2,16.52,8.26,0.92
2,16.52,8.26,2.83
2,16.52,8.26,3.02
2,16.52,8.26,0.52
2,16.52,8.26,1.21
2,16.52,8.26,3.24
2,16.52,8.26,5
2,16.52,8.26,1.69
2,16.52,8.26,0.64
2,16.52,8.26,0.64
2,16.52,8.26,2.74
2,16.52,8.26,2.7
2,16.52,8.26,4.49
2,16.52,8.26,1.59
2,16.52,8.26,0.74
2,16.52,8.26,2.8
2,16.52,8.26,2.51
2,16.52,8.26,0.91
2,16.52,8.26,2.44
2,16.52,8.26,2.07
2,16.52,8.26,1.51
2,16.52,8.26,2
2,16.52,8.26,2.07
2,16.52,8.26,1.61
2,16.52,8.26,1.82
2,16.52,8.26,1.92
2,16.52,8.26,1.88
2,16.52,8.26,2.47
2,16.52,8.26,2.37
2,16.52,8.26,2.35
2,16.52,8.26,1.74
2,16.52,8.26,1.05
2,16.52,8.26,1.2
2,16.52,8.26,1.14
2,16.52,8.26,3.58
2,16.52,8.26,2.68
2,16.52,8.26,1.12
2,16.52,8.26,1.42
2,16.52,8.26,1.71
2,16.52,8.26,3.33
2,16.52,8.26,2.25
2,16.52,8.26,0.66
2,16.52,8.26,2.29
2,16.52,8.26,1.54
2,16.52,8.26,3.32
2,16.52,8.26,0.65
2,16.52,8.26,1.67
2,16.52,8.26,1.87
2,16.52,8.26,2.29
2,16.52,8.26,2.88
2,16.52,8.26,1.63
2,16.52,8.26,1.12
2,16.52,8.26,1.14
2,16.52,8.26,1.72
2,16.52,8.26,2.51
2,16.52,8.26,0.4
2,16.52,8.26,1.76
2,16.52,8.26,1.1
3,16.52,8.26,3.08
3,16.52,8.26,1.61
3,16.52,8.26,3.24
3,16.52,8.26,2.98
3,16.52,8.26,2.98
3,16.52,8.26,1.81
3,16.52,8.26,1.41
3,16.52,8.26,1.52
3,16.52,8.26,1.54
3,16.52,8.26,1.62
3,16.52,8.26,2.71
3,16.52,8.26,1.71
3,16.52,8.26,1.52
3,16.52,8.26,1.51
3,16.52,8.26,1.39
3,16.52,8.26,1.14
3,16.52,8.26,2.48
3,16.52,8.26,1.61
3,16.52,8.26,1.48
3,16.52,8.26,1.41
3,16.52,8.26,1.09
3,16.52,8.26,1.39
3,16.52,8.26,2.02
3,16.52,8.26,1.63
3,16.52,8.26,1.52
3,16.52,8.26,1.21
3,16.52,8.26,1.28
3,16.52,8.26,2.66
3,16.52,8.26,1.62
3,16.52,8.26,1.29
3,16.52,8.26,1.23
3,16.52,8.26,2.1
3,16.52,8.26,2.71
3,16.52,8.26,1.62
3,16.52,8.26,1.15
3,16.52,8.26,1.26
3,16.52,8.26,1.98
3,16.52,8.26,1.98
3,16.52,8.26,1.28
3,16.52,8.26,1.44
3,16.52,8.26,3.04
3,16.52,8.26,3.06
3,16.52,8.26,2.85
3,16.52,8.26,2.66
3,16.52,8.26,2.18
3,16.52,8.26,2.23
3,16.52,8.26,1.88
3,16.52,8.26,1.48
3,16.52,8.26,2.54
3,16.52,8.26,1.23
3,16.52,8.26,2.77
3,16.52,8.26,3.84
3,16.52,8.26,2.73
3,16.52,8.26,0.32
3,16.52,8.26,2.27
3,16.52,8.26,1.53
3,16.52,8.26,2.24
3,16.52,8.26,2.21
3,16.52,8.26,1.78
3,16.52,8.26,1.62
3,16.52,8.26,1.65
3,16.52,8.26,2.05
3,16.52,8.26,2.06
3,16.52,8.26,2.03
3,16.52,8.26,1.34
3,16.52,8.26,1.83
3,16.52,8.26,1.38
3,16.52,8.26,0.61
3,16.52,8.26,0.81
3,16.52,8.26,1.89
3,16.52,8.26,1.56
3,16.52,8.26,2.38
3,16.52,8.26,1.3
3,16.52,8.26,0.45
3,16.52,8.26,1.07
3,16.52,8.26,1.38
3,16.52,8.26,1.13
3,16.52,8.26,2.31
3,16.52,8.26,2.51
3,16.52,8.26,0.57
3,16.52,8.26,0.69
3,16.52,8.26,0.25
3,16.52,8.26,1.81
3,16.52,8.26,3.21
3,16.52,8.26,1.69
3,16.52,8.26,0.99
3,16.52,8.26,0.78
3,16.52,8.26,0.54
3,16.52,8.26,0.19
3,16.52,8.26,1.39
3,16.52,8.26,3.19
3,16.52,8.26,1.14
3,16.52,8.26,0.26
3,16.52,8.26,1.25
3,16.52,8.26,0.81
3,16.52,8.26,1.64
3,16.52,8.26,1.82
3,16.52,8.26,1.12
3,16.52,8.26,0.74
3,16.52,8.26,1.42
3,16.52,8.26,1.86
3,16.52,8.26,1.27
3,16.52,8.26,0.69
3,16.52,8.26,0.6
3,16.52,8.26,0.82
3,16.52,8.26,1.17
3,16.52,8.26,2.49
3,16.52,8.26,1.84
3,16.52,8.26,0.94
3,16.52,8.26,0.72
3,16.52,8.26,1.18
3,16.52,8.26,2.28
3,16.52,8.26,1.12
3,16.52,8.26,0.67
3,16.52,8.26,0.82
3,16.52,8.26,2.5
3,16.52,8.26,0.95
3,16.52,8.26,0.98
3,16.52,8.26,0.82
3,16.52,8.26,2.17
3,16.52,8.26,2.04
3,16.52,8.26,0.85
3,16.52,8.26,0.77
3,16.52,8.26,2.1
3,16.52,8.26,1.54
3,16.52,8.26,3.95
4,16.52,8.26,2.2
4,16.52,8.26,0.79
4,16.52,8.26,0.41
4,16.52,8.26,0.66
4,16.52,8.26,1.96
4,16.52,8.26,1.58
4,16.52,8.26,2.16
4,16.52,8.26,1.74
4,16.52,8.26,0.45
4,16.52,8.26,0.57
4,16.52,8.26,0.68
4,16.52,8.26,0.92
4,16.52,8.26,0.8
4,16.52,8.26,1.84
4,16.52,8.26,1.35
4,16.52,8.26,0.9
4,16.52,8.26,1.04
4,16.52,8.26,0.79
4,16.52,8.26,0.34
4,16.52,8.26,1.86
4,16.52,8.26,1.43
4,16.52,8.26,0.52
4,16.52,8.26,0.78
4,16.52,8.26,1.34
4,16.52,8.26,1.11
4,16.52,8.26,0.99
4,16.52,8.26,0.39
4,16.52,8.26,1.48
4,16.52,8.26,1.89
4,16.52,8.26,0.46
4,16.52,8.26,0.18
4,16.52,8.26,1.14
4,16.52,8.26,1.34
4,16.52,8.26,1.26
4,16.52,8.26,1.61
4,16.52,8.26,1.88
4,16.52,8.26,0.98
4,16.52,8.26,0.23
4,16.52,8.26,1.13
4,16.52,8.26,1.43
4,16.52,8.26,1.52
4,16.52,8.26,1.89
4,16.52,8.26,1.98
4,16.52,8.26,0.66
4,16.52,8.26,0.22
4,16.52,8.26,1.15
4,16.52,8.26,1.65
4,16.52,8.26,1.82
4,16.52,8.26,0.42
4,16.52,8.26,0.1
4,16.52,8.26,1.55
4,16.52,8.26,1.9
4,16.52,8.26,2.62
4,16.52,8.26,0.65
4,16.52,8.26,0.15
4,16.52,8.26,0.39
4,16.52,8.26,0.78
4,16.52,8.26,1.67
4,16.52,8.26,2.11
4,16.52,8.26,1.08
4,16.52,8.26,0.42
4,16.52,8.26,0.34
4,16.52,8.26,0.97
4,16.52,8.26,1.62
4,16.52,8.26,1.36
4,16.52,8.26,0.42
4,16.52,8.26,0.4
4,16.52,8.26,1.12
4,16.52,8.26,1.8
4,16.52,8.26,1.4
4,16.52,8.26,0.5
4,16.52,8.26,0.51
4,16.52,8.26,0.67
4,16.52,8.26,1.75
4,16.52,8.26,2.52
4,16.52,8.26,2.34
4,16.52,8.26,2.05
4,16.52,8.26,1.52
4,16.52,8.26,1.67
4,16.52,8.26,3.17
4,16.52,8.26,1.02
4,16.52,8.26,2.51
4,16.52,8.26,1.16
4,16.52,8.26,1.74
4,16.52,8.26,2.87
4,16.52,8.26,1.37
4,16.52,8.26,1.78
4,16.52,8.26,1.42
4,16.52,8.26,1.44
4,16.52,8.26,2.34
4,16.52,8.26,1.76
4,16.52,8.26,0.93
4,16.52,8.26,1.45
4,16.52,8.26,1.98
4,16.52,8.26,1.57
4,16.52,8.26,1.59
4,16.52,8.26,2
4,16.52,8.26,1.13
4,16.52,8.26,1.25
4,16.52,8.26,2.1
4,16.52,8.26,2.34
4,16.52,8.26,0.5
4,16.52,8.26,1.49
4,16.52,8.26,0.79
4,16.52,8.26,2.77
4,16.52,8.26,3
4,16.52,8.26,2.85
4,16.52,8.26,0.8
4,16.52,8.26,0.85
4,16.52,8.26,2.9
4,16.52,8.26,0.79
4,16.52,8.26,2.01
4,16.52,8.26,0.24
4,16.52,8.26,2.86
4,16.52,8.26,2.66
4,16.52,8.26,0.21
4,16.52,8.26,2.08
4,16.52,8.26,1.74
4,16.52,8.26,0.38
4,16.52,8.26,2.1
4,16.52,8.26,0.87
4,16.52,8.26,1.17
5,16.52,8.26,1.76
5,16.52,8.26,1.5
5,16.52,8.26,1.81
5,16.52,8.26,1.11
5,16.52,8.26,1.7
5,16.52,8.26,1.65
5,16.52,8.26,0.48
5,16.52,8.26,1.81
5,16.52,8.26,1.99
5,16.52,8.26,2.06
5,16.52,8.26,1.49
5,16.52,8.26,0.44
5,16.52,8.26,0.57
5,16.52,8.26,1.55
5,16.52,8.26,1.63
5,16.52,8.26,0.59
5,16.52,8.26,1.42
5,16.52,8.26,2.09
5,16.52,8.26,1.77
5,16.52,8.26,1.29
5,16.52,8.26,0.45
5,16.52,8.26,0.85
5,16.52,8.26,1.67
5,16.52,8.26,1.61
5,16.52,8.26,0.43
5,16.52,8.26,0.92
5,16.52,8.26,1.55
5,16.52,8.26,2.43
5,16.52,8.26,0.94
5,16.52,8.26,0.59
5,16.52,8.26,1.73
5,16.52,8.26,1.34
5,16.52,8.26,0.74
5,16.52,8.26,1.94
5,16.52,8.26,1.35
5,16.52,8.26,3
5,16.52,8.26,2.56
5,16.52,8.26,2.1
5,16.52,8.26,1.15
5,16.52,8.26,1.48
5,16.52,8.26,1.16
5,16.52,8.26,0.72
5,16.52,8.26,0.76
5,16.52,8.26,1.53
5,16.52,8.26,1.67
5,16.52,8.26,1.8
5,16.52,8.26,0.72
5,16.52,8.26,0.79
5,16.52,8.26,1.72
5,16.52,8.26,2.16
5,16.52,8.26,1.45
5,16.52,8.26,0.98
5,16.52,8.26,0.68
5,16.52,8.26,0.72
5,16.52,8.26,0.68
5,16.52,8.26,1.67
5,16.52,8.26,1.93
5,16.52,8.26,0.68
5,16.52,8.26,0.56
5,16.52,8.26,1.25
5,16.52,8.26,3.2
5,16.52,8.26,2.17
5,16.52,8.26,0.99
5,16.52,8.26,1.08
5,16.52,8.26,1.97
5,16.52,8.26,1.59
5,16.52,8.26,1.04
5,16.52,8.26,1.27
5,16.52,8.26,1.61
5,16.52,8.26,0.32
5,16.52,8.26,0.31
5,16.52,8.26,0.42
5,16.52,8.26,1.29
5,16.52,8.26,1.47
5,16.52,8.26,0.88
5,16.52,8.26,1.56
5,16.52,8.26,0.66
5,16.52,8.26,1.01
5,16.52,8.26,0.64
5,16.52,8.26,0.42
5,16.52,8.26,0.33
5,16.52,8.26,0.81
5,16.52,8.26,1.82
5,16.52,8.26,2.25
5,16.52,8.26,1.8
5,16.52,8.26,0.61
5,16.52,8.26,0.42
5,16.52,8.26,0.51
5,16.52,8.26,0.68
5,16.52,8.26,1.2
5,16.52,8.26,1.8
5,16.52,8.26,1.33
5,16.52,8.26,1.78
5,16.52,8.26,0.58
5,16.52,8.26,0.86
5,16.52,8.26,0.63
5,16.52,8.26,1
5,16.52,8.26,1.15
5,16.52,8.26,2.23
5,16.52,8.26,1.29
5,16.52,8.26,0.87
5,16.52,8.26,2.48
5,16.52,8.26,1.88
5,16.52,8.26,1.21
5,16.52,8.26,1.48
5,16.52,8.26,2.2
5,16.52,8.26,0.23
5,16.52,8.26,0.78
5,16.52,8.26,0.34
5,16.52,8.26,1.61
5,16.52,8.26,2.6
5,16.52,8.26,0.66
5,16.52,8.26,0.32
5,16.52,8.26,0.59
5,16.52,8.26,0.8
5,16.52,8.26,2.31
5,16.52,8.26,1.81
5,16.52,8.26,1.79
5,16.52,8.26,0.25
5,16.52,8.26,0.3
5,16.52,8.26,0.89
5,16.52,8.26,2.1
5,16.52,8.26,2.94
5,16.52,8.26,0.6
5,16.52,8.26,0.13
5,16.52,8.26,0.79
5,16.52,8.26,1.45
5,16.52,8.26,1.45
5,16.52,8.26,0.69
5,16.52,8.26,0.5
5,16.52,8.26,0.89
5,16.52,8.26,1.16
5,16.52,8.26,1.6
5,16.52,8.26,1.11
5,16.52,8.26,0.29
5,16.52,8.26,0.61
5,16.52,8.26,0.22
5,16.52,8.26,1.44
5,16.52,8.26,1.18
6,16.52,8.26,4.82
6,16.52,8.26,1.66
6,16.52,8.26,0.32
6,16.52,8.26,0.97
6,16.52,8.26,1.91
6,16.52,8.26,1.42
6,16.52,8.26,0.76
6,16.52,8.26,0.16
6,16.52,8.26,0.28
6,16.52,8.26,4.43
6,16.52,8.26,4.64
6,16.52,8.26,0.94
6,16.52,8.26,0.03
6,16.52,8.26,0.54
6,16.52,8.26,1.42
6,16.52,8.26,1.41
6,16.52,8.26,3.3
6,16.52,8.26,0.64
6,16.52,8.26,0.26
6,16.52,8.26,1.2
6,16.52,8.26,1.53
6,16.52,8.26,0.97
6,16.52,8.26,4
6,16.52,8.26,0.98
6,16.52,8.26,0.35
6,16.52,8.26,0.06
6,16.52,8.26,0.1
6,16.52,8.26,1.63
6,16.52,8.26,2.14
6,16.52,8.26,3.98
6,16.52,8.26,1.02
6,16.52,8.26,0.23
6,16.52,8.26,0.04
6,16.52,8.26,1.43
6,16.52,8.26,2.25
6,16.52,8.26,4.85
6,16.52,8.26,0.26
6,16.52,8.26,0.03
6,16.52,8.26,0.45
6,16.52,8.26,1.8
6,16.52,8.26,1.91
6,16.52,8.26,4.63
6,16.52,8.26,1.07
6,16.52,8.26,0.18
6,16.52,8.26,0.44
6,16.52,8.26,1.35
6,16.52,8.26,4.19
6,16.52,8.26,0.44
6,16.52,8.26,0.35
6,16.52,8.26,1.3
6,16.52,8.26,0.25
6,16.52,8.26,0.31
6,16.52,8.26,0.65
6,16.52,8.26,2.78
6,16.52,8.26,0.86
6,16.52,8.26,1.03
6,16.52,8.26,2.48
6,16.52,8.26,5.64
6,16.52,8.26,0.5
6,16.52,8.26,0.14
6,16.52,8.26,0.48
6,16.52,8.26,1.26
6,16.52,8.26,1.98
6,16.52,8.26,4.29
6,16.52,8.26,0.53
6,16.52,8.26,0.09
6,16.52,8.26,0.74
6,16.52,8.26,0.21
6,16.52,8.26,4.09
6,16.52,8.26,4.23
6,16.52,8.26,0.38
6,16.52,8.26,0.43
6,16.52,8.26,0.2
6,16.52,8.26,0.71
6,16.52,8.26,3.02
6,16.52,8.26,3.58
6,16.52,8.26,0.79
6,16.52,8.26,0.04
6,16.52,8.26,0.6
6,16.52,8.26,0.35
6,16.52,8.26,0.56
6,16.52,8.26,1.98
6,16.52,8.26,2.64
6,16.52,8.26,1.28
6,16.52,8.26,0.35
6,16.52,8.26,0.21
6,16.52,8.26,1.48
6,16.52,8.26,3.07
6,16.52,8.26,0.73
6,16.52,8.26,0.25
6,16.52,8.26,1.33
6,16.52,8.26,1.56
6,16.52,8.26,1.14
6,16.52,8.26,1.15
6,16.52,8.26,0.76
6,16.52,8.26,0.96
6,16.52,8.26,2.48
6,16.52,8.26,1.71
6,16.52,8.26,0.42
6,16.52,8.26,0.14
6,16.52,8.26,3.03
6,16.52,8.26,2.32
6,16.52,8.26,0.03
6,16.52,8.26,0.5
6,16.52,8.26,0.91
6,16.52,8.26,2.32
6,16.52,8.26,3.18
6,16.52,8.26,0.28
6,16.52,8.26,1.08
6,16.52,8.26,2.33
6,16.52,8.26,3.08
6,16.52,8.26,0.16
6,16.52,8.26,0.82
6,16.52,8.26,1.81
6,16.52,8.26,1.92
6,16.52,8.26,0.4
6,16.52,8.26,1.16
6,16.52,8.26,2.36
6,16.52,8.26,2.03
6,16.52,8.26,0.79
6,16.52,8.26,2.31
6,16.52,8.26,2.23
6,16.52,8.26,1.24
6,16.52,8.26,1.23
6,16.52,8.26,2.4
6,16.52,8.26,1.18
6,16.52,8.26,1.24
6,16.52,8.26,0.42
6,16.52,8.26,1.8
6,16.52,8.26,1.76
6,16.52,8.26,0.05
6,16.52,8.26,1.1
6,16.52,8.26,0.79
6,16.52,8.26,1.77
6,16.52,8.26,0.99
6,16.52,8.26,1.65
6,16.52,8.26,1.81
6,16.52,8.26,1.38
6,16.52,8.26,1.28
6,16.52,8.26,0.07
6,16.52,8.26,0.26
6,16.52,8.26,3.1
6,16.52,8.26,2.08
6,16.52,8.26,0.78
6,16.52,8.26,1.31
6,16.52,8.26,1.16
6,16.52,8.26,1.03
6,16.52,8.26,2.48
6,16.52,8.26,1.58
6,16.52,8.26,0.72
6,16.52,8.26,0.83
6,16.52,8.26,1.66
6,16.52,8.26,1.51
6,16.52,8.26,1.88
6,16.52,8.26,2.25
6,16.52,8.26,1.52
7,16.52,8.26,1.75
7,16.52,8.26,2.56
7,16.52,8.26,1.14
7,16.52,8.26,0.62
7,16.52,8.26,2.69
7,16.52,8.26,2.25
7,16.52,8.26,1.59
7,16.52,8.26,3.93
7,16.52,8.26,0.93
7,16.52,8.26,2.96
7,16.52,8.26,3.1
7,16.52,8.26,1.28
7,16.52,8.26,3.45
7,16.52,8.26,1.09
7,16.52,8.26,1.19
7,16.52,8.26,3.86
7,16.52,8.26,0.56
7,16.52,8.26,2.8
7,16.52,8.26,0.68
7,16.52,8.26,2.27
7,16.52,8.26,2.7
7,16.52,8.26,3.06
7,16.52,8.26,0.15
7,16.52,8.26,1.81
7,16.52,8.26,2.64
7,16.52,8.26,1.62
7,16.52,8.26,2.97
7,16.52,8.26,1.27
7,16.52,8.26,2.05
7,16.52,8.26,1.16
7,16.52,8.26,2.73
7,16.52,8.26,0.91
7,16.52,8.26,2.79
7,16.52,8.26,1.67
7,16.52,8.26,2.81
7,16.52,8.26,2.69
7,16.52,8.26,1.62
7,16.52,8.26,3.23
7,16.52,8.26,2.23
7,16.52,8.26,0.6
7,16.52,8.26,2.74
7,16.52,8.26,0.71
7,16.52,8.26,0.63
7,16.52,8.26,4.5
7,16.52,8.26,0.21
7,16.52,8.26,1.02
7,16.52,8.26,2.3
7,16.52,8.26,0.98
7,16.52,8.26,1.29
7,16.52,8.26,0.87
7,16.52,8.26,0.14
7,16.52,8.26,0.88
7,16.52,8.26,2.03
7,16.52,8.26,1.05
7,16.52,8.26,1.26
7,16.52,8.26,1.66
7,16.52,8.26,3.14
7,16.52,8.26,1.65
7,16.52,8.26,0.31
7,16.52,8.26,2.3
7,16.52,8.26,4.19
7,16.52,8.26,0.14
7,16.52,8.26,0.16
7,16.52,8.26,2.38
7,16.52,8.26,1.59
7,16.52,8.26,0.47
7,16.52,8.26,2.69
7,16.52,8.26,3.27
7,16.52,8.26,0.76
7,16.52,8.26,0.52
7,16.52,8.26,0.29
7,16.52,8.26,2.63
7,16.52,8.26,0.71
7,16.52,8.26,3
7,16.52,8.26,0.62
7,16.52,8.26,1.78
7,16.52,8.26,0.75
7,16.52,8.26,2.1
8,16.52,8.26,2.05
8,16.52,8.26,1.4
8,16.52,8.26,2.04
8,16.52,8.26,2.29
8,16.52,8.26,1.03
8,16.52,8.26,0.93
8,16.52,8.26,1.85
8,16.52,8.26,2.05
8,16.52,8.26,0.37
8,16.52,8.26,0.57
8,16.52,8.26,1.13
8,16.52,8.26,2.26
8,16.52,8.26,1.73
8,16.52,8.26,1.49
8,16.52,8.26,0.69
8,16.52,8.26,0.23
8,16.52,8.26,1.81
8,16.52,8.26,2.06
8,16.52,8.26,0.26
8,16.52,8.26,1.46
8,16.52,8.26,0.76
8,16.52,8.26,1.66
8,16.52,8.26,1.39
8,16.52,8.26,2.14
8,16.52,8.26,1.31
8,16.52,8.26,0.32
8,16.52,8.26,0.83
8,16.52,8.26,2.35
8,16.52,8.26,1.8
8,16.52,8.26,0.71
8,16.52,8.26,1.67
8,16.52,8.26,1.48
8,16.52,8.26,1.64
8,16.52,8.26,1.2
8,16.52,8.26,0.78
8,16.52,8.26,2
8,16.52,8.26,1.13
8,16.52,8.26,1.43
8,16.52,8.26,1.48
8,16.52,8.26,1.1
8,16.52,8.26,1.73
8,16.52,8.26,1.62
8,16.52,8.26,2.53
8,16.52,8.26,1.56
8,16.52,8.26,1.77
8,16.52,8.26,1.53
8,16.52,8.26,1.63
8,16.52,8.26,1.65
8,16.52,8.26,2.22
8,16.52,8.26,1.12
8,16.52,8.26,0.69
8,16.52,8.26,1.29
8,16.52,8.26,2.1
8,16.52,8.26,1.48
8,16.52,8.26,1.25
8,16.52,8.26,1.02
8,16.52,8.26,0.53
8,16.52,8.26,1.97
8,16.52,8.26,2.06
8,16.52,8.26,0.6
8,16.52,8.26,0.78
8,16.52,8.26,0.65
8,16.52,8.26,2.26
8,16.52,8.26,2.91
8,16.52,8.26,1.28
8,16.52,8.26,0.8
8,16.52,8.26,0.51
8,16.52,8.26,1.72
8,16.52,8.26,1.79
8,16.52,8.26,0.58
8,16.52,8.26,1.35
8,16.52,8.26,1.94
8,16.52,8.26,0.6
8,16.52,8.26,1.58
8,16.52,8.26,1.74
8,16.52,8.26,0.73
8,16.52,8.26,1.49
8,16.52,8.26,1.65
8,16.52,8.26,0.25
8,16.52,8.26,1.14
8,16.52,8.26,0.62
8,16.52,8.26,1.42
8,16.52,8.26,1.4
8,16.52,8.26,1.98
8,16.52,8.26,1.05
8,16.52,8.26,0.67
8,16.52,8.26,0.53
8,16.52,8.26,0.78
8,16.52,8.26,0.39
8,16.52,8.26,1.41
8,16.52,8.26,2.04
8,16.52,8.26,0.99
8,16.52,8.26,0.53
8,16.52,8.26,0.21
8,16.52,8.26,0.49
8,16.52,8.26,0.79
8,16.52,8.26,1.4
8,16.52,8.26,1.36
8,16.52,8.26,1.94
8,16.52,8.26,1.13
8,16.52,8.26,0.79
8,16.52,8.26,0.29
8,16.52,8.26,0.59
8,16.52,8.26,0.66
8,16.52,8.26,1.66
8,16.52,8.26,2.23
8,16.52,8.26,1.72
8,16.52,8.26,0.87
8,16.52,8.26,0.72
8,16.52,8.26,0.93
8,16.52,8.26,0.64
8,16.52,8.26,0.72
8,16.52,8.26,1.8
8,16.52,8.26,1.56
8,16.52,8.26,0.89
8,16.52,8.26,0.93
8,16.52,8.26,0.93
8,16.52,8.26,1.5
8,16.52,8.26,1.82
8,16.52,8.26,1.23
8,16.52,8.26,1.38
8,16.52,8.26,0.82
8,16.52,8.26,0.53
8,16.52,8.26,0.8
8,16.52,8.26,1.31
8,16.52,8.26,0.53
8,16.52,8.26,1.8
8,16.52,8.26,0.89
8,16.52,8.26,0.26
8,16.52,8.26,0.49
8,16.52,8.26,0.97
8,16.52,8.26,1.79
8,16.52,8.26,2.15
8,16.52,8.26,1.12
8,16.52,8.26,0.46
8,16.52,8.26,0.3
8,16.52,8.26,0.42
8,16.52,8.26,0.9
8,16.52,8.26,2.21
8,16.52,8.26,1.99
8,16.52,8.26,0.85
8,16.52,8.26,0.71
8,16.52,8.26,0.62
8,16.52,8.26,0.32
8,16.52,8.26,0.63
8,16.52,8.26,1.47
8,16.52,8.26,2.82
8,16.52,8.26,1.84
8,16.52,8.26,0.98
8,16.52,8.26,0.69
8,16.52,8.26,0.69
8,16.52,8.26,0.46
8,16.52,8.26,0.26
8,16.52,8.26,0.82
8,16.52,8.26,2.24
8,16.52,8.26,1.49
8,16.52,8.26,1.2
8,16.52,8.26,0.76
8,16.52,8.26,0.78
8,16.52,8.26,0.64
8,16.52,8.26,0.34
8,16.52,8.26,0.81
8,16.52,8.26,2.23
8,16.52,8.26,0.98
8,16.52,8.26,0.69
8,16.52,8.26,1.2
8,16.52,8.26,0.04
8,16.52,8.26,1.63
8,16.52,8.26,1.63
9,16.52,8.26,1.23
9,16.52,8.26,1.07
9,16.52,8.26,0.36
9,16.52,8.26,0.87
9,16.52,8.26,1.99
9,16.52,8.26,2.16
9,16.52,8.26,1.47
9,16.52,8.26,0.73
9,16.52,8.26,0.26
9,16.52,8.26,0.19
9,16.52,8.26,3.56
9,16.52,8.26,2.74
9,16.52,8.26,0.28
9,16.52,8.26,0.37
9,16.52,8.26,1.83
9,16.52,8.26,1.26
9,16.52,8.26,1.35
9,16.52,8.26,0.84
9,16.52,8.26,0.23
9,16.52,8.26,0.85
9,16.52,8.26,2.39
9,16.52,8.26,2
9,16.52,8.26,0.56
9,16.52,8.26,1.03
9,16.52,8.26,0.36
9,16.52,8.26,1.4
9,16.52,8.26,0.7
9,16.52,8.26,0.48
9,16.52,8.26,0.98
9,16.52,8.26,1.81
9,16.52,8.26,2.48
9,16.52,8.26,1.38
9,16.52,8.26,0.76
9,16.52,8.26,0.8
9,16.52,8.26,0.39
9,16.52,8.26,1.64
9,16.52,8.26,1.95
9,16.52,8.26,0.34
9,16.52,8.26,0.85
9,16.52,8.26,0.53
9,16.52,8.26,1.89
9,16.52,8.26,2.04
9,16.52,8.26,1.06
9,16.52,8.26,0.82
9,16.52,8.26,0.53
9,16.52,8.26,0.48
9,16.52,8.26,2.63
9,16.52,8.26,2.45
9,16.52,8.26,0.12
9,16.52,8.26,0.5
9,16.52,8.26,1.35
9,16.52,8.26,1.68
9,16.52,8.26,1.84
9,16.52,8.26,3.69
9,16.52,8.26,1.78
9,16.52,8.26,1.79
9,16.52,8.26,1.98
9,16.52,8.26,2.13
9,16.52,8.26,1.25
9,16.52,8.26,2.31
9,16.52,8.26,2.23
9,16.52,8.26,1.64
9,16.52,8.26,1.39
9,16.52,8.26,1.63
9,16.52,8.26,2.33
9,16.52,8.26,1.42
9,16.52,8.26,2.42
9,16.52,8.26,2.23
9,16.52,8.26,1.82
9,16.52,8.26,2.65
9,16.52,8.26,2.04
9,16.52,8.26,2.79
9,16.52,8.26,2.62
9,16.52,8.26,2.12
9,16.52,8.26,2.07
9,16.52,8.26,1.35
9,16.52,8.26,2.8
9,16.52,8.26,3.14
9,16.52,8.26,2.21
9,16.52,8.26,0.97
9,16.52,8.26,2.03
9,16.52,8.26,0.96
9,16.52,8.26,2.25
9,16.52,8.26,3.05
9,16.52,8.26,2.72
9,16.52,8.26,1.35
9,16.52,8.26,1.87
9,16.52,8.26,1.42
10,16.52,8.26,0.23
10,16.52,8.26,0.59
10,16.52,8.26,0.6
10,16.52,8.26,0.38
10,16.52,8.26,0.74
10,16.52,8.26,0.06
10,16.52,8.26,0.9
10,16.52,8.26,1.95
10,16.52,8.26,1.09
10,16.52,8.26,1.44
10,16.52,8.26,0.65
10,16.52,8.26,1.42
10,16.52,8.26,2.33
10,16.52,8.26,0.89
10,16.52,8.26,0.24
10,16.52,8.26,0.34
10,16.52,8.26,1.97
10,16.52,8.26,0.36
10,16.52,8.26,1.77
10,16.52,8.26,3.68
10,16.52,8.26,2.93
10,16.52,8.26,1.37
10,16.52,8.26,0.88
10,16.52,8.26,0.72
10,16.52,8.26,1.81
10,16.52,8.26,1.32
10,16.52,8.26,0.23
10,16.52,8.26,3.28
10,16.52,8.26,3.28
10,16.52,8.26,1.56
10,16.52,8.26,0.32
10,16.52,8.26,0.83
10,16.52,8.26,2.09
10,16.52,8.26,0.88
10,16.52,8.26,2.5
10,16.52,8.26,0.73
10,16.52,8.26,1.56
10,16.52,8.26,3.03
10,16.52,8.26,3.01
10,16.52,8.26,1.36
10,16.52,8.26,1.35
10,16.52,8.26,0.88
10,16.52,8.26,2.65
10,16.52,8.26,0.77
10,16.52,8.26,0.58
10,16.52,8.26,4.91
10,16.52,8.26,4.91
10,16.52,8.26,1.04
10,16.52,8.26,0.01
10,16.52,8.26,0.43
10,16.52,8.26,3.74
10,16.52,8.26,2.41
10,16.52,8.26,0.23
10,16.52,8.26,0.58
10,16.52,8.26,3.85
10,16.52,8.26,4.57
10,16.52,8.26,1.55
10,16.52,8.26,0.16
10,16.52,8.26,0.24
10,16.52,8.26,2.97
10,16.52,8.26,5.27
10,16.52,8.26,1.35
10,16.52,8.26,0.06
10,16.52,8.26,2.56
10,16.52,8.26,4.6
10,16.52,8.26,1.36
10,16.52,8.26,0.86
10,16.52,8.26,1.11
10,16.52,8.26,1.7
10,16.52,8.26,2.1
10,16.52,8.26,1.71
10,16.52,8.26,2.2
10,16.52,8.26,0.86
10,16.52,8.26,2.4
10,16.52,8.26,1.03
10,16.52,8.26,2.57
10,16.52,8.26,1.78
10,16.52,8.26,1.28
10,16.52,8.26,3.06
10,16.52,8.26,0.96
10,16.52,8.26,1.42
10,16.52,8.26,1.74
10,16.52,8.26,3.17
10,16.52,8.26,0.62
10,16.52,8.26,2.26
10,16.52,8.26,1.48
10,16.52,8.26,2.89
10,16.52,8.26,1.66
10,16.52,8.26,3.03
10,16.52,8.26,4.4
10,16.52,8.26,5.93
10,16.52,8.26,6.77
10,16.52,8.26,5.18
10,16.52,8.26,4.73
10,16.52,8.26,5.16
10,16.52,8.26,3.78
10,16.52,8.26,0.71
10,16.52,8.26,1.22
10,16.52,8.26,0.72
10,16.52,8.26,0.4
10,16.52,8.26,1.67
10,16.52,8.26,0.87
10,16.52,8.26,0.54
10,16.52,8.26,1
10,16.52,8.26,1.75
10,16.52,8.26,0.03
10,16.52,8.26,1.7
10,16.52,8.26,1.45
10,16.52,8.26,0.51
10,16.52,8.26,1.51
10,16.52,8.26,0.36
10,16.52,8.26,2.04
11,16.52,8.26,2.41
11,16.52,8.26,2
11,16.52,8.26,0.98
11,16.52,8.26,1.23
11,16.52,8.26,1.08
11,16.52,8.26,1.5
11,16.52,8.26,2.79
11,16.52,8.26,1.02
11,16.52,8.26,1.85
11,16.52,8.26,1.23
11,16.52,8.26,1.8
11,16.52,8.26,0.86
11,16.52,8.26,0.52
11,16.52,8.26,3.14
11,16.52,8.26,2.52
11,16.52,8.26,0.25
11,16.52,8.26,0.32
11,16.52,8.26,2.14
11,16.52,8.26,2.63
11,16.52,8.26,0.57
11,16.52,8.26,2.83
11,16.52,8.26,4.07
11,16.52,8.26,1.8
11,16.52,8.26,2.67
11,16.52,8.26,0.74
11,16.52,8.26,0.62
11,16.52,8.26,2.98
11,16.52,8.26,2.98
11,16.52,8.26,0.33
11,16.52,8.26,2.55
11,16.52,8.26,1.12
11,16.52,8.26,1.59
11,16.52,8.26,2.15
11,16.52,8.26,2.72
11,16.52,8.26,1.05
11,16.52,8.26,2.7
11,16.52,8.26,2.04
11,16.52,8.26,1.3
11,16.52,8.26,2.3
11,16.52,8.26,1.98
11,16.52,8.26,1.95
11,16.52,8.26,1.7
11,16.52,8.26,1.86
11,16.52,8.26,1.44
11,16.52,8.26,1.62
11,16.52,8.26,1.45
11,16.52,8.26,2.2
11,16.52,8.26,2.61
11,16.52,8.26,0.39
11,16.52,8.26,0.3
11,16.52,8.26,2.65
11,16.52,8.26,3.24
11,16.52,8.26,0.02
11,16.52,8.26,1.63
11,16.52,8.26,3.58
11,16.52,8.26,0.32
11,16.52,8.26,0.05
11,16.52,8.26,0.83
11,16.52,8.26,3.25
11,16.52,8.26,2.74
11,16.52,8.26,0.73
11,16.52,8.26,2.8
11,16.52,8.26,2.6
11,16.52,8.26,1.42
11,16.52,8.26,1.59
11,16.52,8.26,1.33
11,16.52,8.26,1.44
11,16.52,8.26,0.82
11,16.52,8.26,0.55
11,16.52,8.26,0.67
11,16.52,8.26,1.24
11,16.52,8.26,0.32
11,16.52,8.26,1.03
11,16.52,8.26,1.76
11,16.52,8.26,1.67
11,16.52,8.26,1.93
11,16.52,8.26,0.33
11,16.52,8.26,0.31
11,16.52,8.26,0.4
11,16.52,8.26,0.73
11,16.52,8.26,1.65
11,16.52,8.26,1.43
11,16.52,8.26,0.61
11,16.52,8.26,0.15
11,16.52,8.26,0.48
11,16.52,8.26,3.23
11,16.52,8.26,1.65
11,16.52,8.26,0.32
11,16.52,8.26,0.05
11,16.52,8.26,1.06
11,16.52,8.26,0.99
11,16.52,8.26,0.8
11,16.52,8.26,0.19
11,16.52,8.26,1.42
11,16.52,8.26,2.65
11,16.52,8.26,0.43
11,16.52,8.26,0.28
11,16.52,8.26,0.07
11,16.52,8.26,0.37
11,16.52,8.26,2.48
11,16.52,8.26,0.63
11,16.52,8.26,0.78
11,16.52,8.26,1.16
11,16.52,8.26,1.07
11,16.52,8.26,1.12
11,16.52,8.26,0.99
11,16.52,8.26,1.15
11,16.52,8.26,1.59
11,16.52,8.26,0.58
11,16.52,8.26,0.29
11,16.52,8.26,0.7
11,16.52,8.26,0.41
11,16.52,8.26,1.16
11,16.52,8.26,1.31
11,16.52,8.26,0.51
11,16.52,8.26,0.54
12,16.52,8.26,2.16
12,16.52,8.26,0.1
12,16.52,8.26,0.63
12,16.52,8.26,1.34
12,16.52,8.26,1.81
12,16.52,8.26,0.63
12,16.52,8.26,0.07
12,16.52,8.26,0.06
12,16.52,8.26,2.88
12,16.52,8.26,0.74
12,16.52,8.26,0.92
12,16.52,8.26,2.01
12,16.52,8.26,0.25
12,16.52,8.26,0.75
12,16.52,8.26,0.36
12,16.52,8.26,0.08
12,16.52,8.26,1.84
12,16.52,8.26,1.2
12,16.52,8.26,2.09
12,16.52,8.26,0.48
12,16.52,8.26,1.39
12,16.52,8.26,0.32
12,16.52,8.26,2.11
12,16.52,8.26,1.38
12,16.52,8.26,1.54
12,16.52,8.26,0.17
12,16.52,8.26,0.46
12,16.52,8.26,0.9
12,16.52,8.26,0.42
12,16.52,8.26,1.8
12,16.52,8.26,2.48
12,16.52,8.26,0.43
12,16.52,8.26,1.49
12,16.52,8.26,1.94
12,16.52,8.26,0.45
12,16.52,8.26,0.42
12,16.52,8.26,0.39
12,16.52,8.26,0.62
12,16.52,8.26,0.08
12,16.52,8.26,1.54
12,16.52,8.26,1.28
12,16.52,8.26,0.29
12,16.52,8.26,0.75
12,16.52,8.26,0.73
12,16.52,8.26,1.59
12,16.52,8.26,0.37
12,16.52,8.26,1.69
12,16.52,8.26,1.09
12,16.52,8.26,1.67
12,16.52,8.26,1.81
12,16.52,8.26,0.25
12,16.52,8.26,0.76
12,16.52,8.26,0.9
12,16.52,8.26,1.66
12,16.52,8.26,0.92
12,16.52,8.26,0.52
12,16.52,8.26,0.47
12,16.52,8.26,0.03
12,16.52,8.26,1.59
12,16.52,8.26,1.19
12,16.52,8.26,1.93
12,16.52,8.26,0.82
12,16.52,8.26,1.1
12,16.52,8.26,1.49
12,16.52,8.26,1.39
12,16.52,8.26,1.63
12,16.52,8.26,1.12
12,16.52,8.26,0.23
12,16.52,8.26,0.58
12,16.52,8.26,1.58
12,16.52,8.26,1.66
12,16.52,8.26,1.43
12,16.52,8.26,0.08
12,16.52,8.26,0.16
12,16.52,8.26,2.88
12,16.52,8.26,1.38
12,16.52,8.26,0.43
12,16.52,8.26,1.4
12,16.52,8.26,2.53
12,16.52,8.26,3.23
12,16.52,8.26,3.49
12,16.52,8.26,1.9
12,16.52,8.26,2.2
12,16.52,8.26,1.19
12,16.52,8.26,2.19
12,16.52,8.26,0.73
12,16.52,8.26,2.3
12,16.52,8.26,1.83
12,16.52,8.26,1.79
12,16.52,8.26,0.64
12,16.52,8.26,4.37
12,16.52,8.26,1.35
12,16.52,8.26,1.33
12,16.52,8.26,0.85
12,16.52,8.26,4.12
12,16.52,8.26,3.49
12,16.52,8.26,0.56
12,16.52,8.26,0.5
12,16.52,8.26,3.88
12,16.52,8.26,0.67
12,16.52,8.26,1.88
12,16.52,8.26,0.53
12,16.52,8.26,2.32
12,16.52,8.26,1.16
12,16.52,8.26,2.06
12,16.52,8.26,1.83
12,16.52,8.26,2.06
12,16.52,8.26,1.32
12,16.52,8.26,1.04
12,16.52,8.26,0.74
12,16.52,8.26,2.56
12,16.52,8.26,2.67
12,16.52,8.26,1.11
12,16.52,8.26,1.56
12,16.52,8.26,0.82
12,16.52,8.26,1.88
12,16.52,8.26,1.83
12,16.52,8.26,1.11
12,16.52,8.26,1.72
12,16.52,8.26,1.15
12,16.52,8.26,1.76
12,16.52,8.26,1.68
12,16.52,8.26,0.32
12,16.52,8.26,2.26
12,16.52,8.26,1.43
13,16.52,8.26,2.14
13,16.52,8.26,4.09
13,16.52,8.26,4.37
13,16.52,8.26,0.33
13,16.52,8.26,1.88
13,16.52,8.26,0.91
13,16.52,8.26,3.94
13,16.52,8.26,1.24
13,16.52,8.26,5.04
13,16.52,8.26,0.52
13,16.52,8.26,6.81
13,16.52,8.26,0.43
13,16.52,8.26,0.81
13,16.52,8.26,4.51
13,16.52,8.26,1.44
13,16.52,8.26,1.42
13,16.52,8.26,2.89
13,16.52,8.26,0.41
13,16.52,8.26,0.67
13,16.52,8.26,5.28
13,16.52,8.26,3.71
13,16.52,8.26,0.58
13,16.52,8.26,0.18
13,16.52,8.26,2.73
13,16.52,8.26,1.28
13,16.52,8.26,2.05
13,16.52,8.26,2.69
13,16.52,8.26,0.15
13,16.52,8.26,1.06
13,16.52,8.26,0.42
13,16.52,8.26,4.13
13,16.52,8.26,0.67
13,16.52,8.26,0.14
13,16.52,8.26,0.25
13,16.52,8.26,4.05
13,16.52,8.26,2.01
13,16.52,8.26,0.36
13,16.52,8.26,0.88
13,16.52,8.26,1.59
13,16.52,8.26,4.2
13,16.52,8.26,1.98
13,16.52,8.26,0.31
13,16.52,8.26,0.42
13,16.52,8.26,4.9
13,16.52,8.26,0.73
13,16.52,8.26,0.06
13,16.52,8.26,0.79
13,16.52,8.26,0.05
13,16.52,8.26,3.65
13,16.52,8.26,0.26
13,16.52,8.26,0.28
13,16.52,8.26,0.59
13,16.52,8.26,1.98
13,16.52,8.26,0.13
13,16.52,8.26,2.98
13,16.52,8.26,0.86
13,16.52,8.26,0.88
13,16.52,8.26,1.45
13,16.52,8.26,0.26
13,16.52,8.26,0.49
13,16.52,8.26,4.04
13,16.52,8.26,4.59
13,16.52,8.26,0.21
13,16.52,8.26,0.16
13,16.52,8.26,0.68
13,16.52,8.26,1.54
13,16.52,8.26,2.05
13,16.52,8.26,0.59
13,16.52,8.26,0.64
13,16.52,8.26,2.03
13,16.52,8.26,0.76
13,16.52,8.26,0.02
13,16.52,8.26,0.13
13,16.52,8.26,0.98
13,16.52,8.26,0.27
13,16.52,8.26,0.25
13,16.52,8.26,3.74
13,16.52,8.26,0.36
13,16.52,8.26,0.15
13,16.52,8.26,2.06
13,16.52,8.26,0.36
13,16.52,8.26,0.02
13,16.52,8.26,0.08
13,16.52,8.26,0.31
13,16.52,8.26,3.43
13,16.52,8.26,2.82
13,16.52,8.26,0.54
13,16.52,8.26,0.18
13,16.52,8.26,0.05
13,16.52,8.26,0.11
13,16.52,8.26,5.08
13,16.52,8.26,1.08
13,16.52,8.26,0.26
13,16.52,8.26,0.05
13,16.52,8.26,5.84
13,16.52,8.26,1.56
13,16.52,8.26,0.52
13,16.52,8.26,0.85
13,16.52,8.26,0.77
14,16.52,8.26,2.49
14,16.52,8.26,1.94
14,16.52,8.26,1.51
14,16.52,8.26,2.52
14,16.52,8.26,2.33
14,16.52,8.26,2.79
14,16.52,8.26,1.63
14,16.52,8.26,1.28
14,16.52,8.26,1.87
14,16.52,8.26,1.48
14,16.52,8.26,3.4
14,16.52,8.26,3.03
14,16.52,8.26,1.17
14,16.52,8.26,1.22
14,16.52,8.26,1.74
14,16.52,8.26,1.93
14,16.52,8.26,2.27
14,16.52,8.26,2.66
14,16.52,8.26,1.76
14,16.52,8.26,0.59
14,16.52,8.26,2.23
14,16.52,8.26,3.68
14,16.52,8.26,2.65
14,16.52,8.26,1.27
14,16.52,8.26,0.88
14,16.52,8.26,1.99
14,16.52,8.26,1.74
14,16.52,8.26,2.44
14,16.52,8.26,2.22
14,16.52,8.26,2.16
14,16.52,8.26,0.98
14,16.52,8.26,2.06
14,16.52,8.26,2.14
14,16.52,8.26,1.32
14,16.52,8.26,2.9
14,16.52,8.26,0.87
14,16.52,8.26,1.98
14,16.52,8.26,2.28
14,16.52,8.26,2.09
14,16.52,8.26,1.84
14,16.52,8.26,1.93
14,16.52,8.26,3.14
14,16.52,8.26,1.78
14,16.52,8.26,1.76
14,16.52,8.26,1.97
14,16.52,8.26,1.41
14,16.52,8.26,1.9
14,16.52,8.26,2.01
14,16.52,8.26,0.95
14,16.52,8.26,1.21
14,16.52,8.26,1.13
14,16.52,8.26,1.39
14,16.52,8.26,2.34
14,16.52,8.26,1.89
14,16.52,8.26,0.13
14,16.52,8.26,1.93
14,16.52,8.26,2.09
14,16.52,8.26,3.27
14,16.52,8.26,0.28
14,16.52,8.26,0.64
14,16.52,8.26,0.92
14,16.52,8.26,1.28
14,16.52,8.26,2.5
14,16.52,8.26,2.54
14,16.52,8.26,0.86
14,16.52,8.26,2.3
14,16.52,8.26,1.67
14,16.52,8.26,1.02
14,16.52,8.26,2.03
14,16.52,8.26,1.32
14,16.52,8.26,1.33
14,16.52,8.26,0.27
14,16.52,8.26,1.91
14,16.52,8.26,2.02
14,16.52,8.26,1.25
14,16.52,8.26,0.35
14,16.52,8.26,2.06
14,16.52,8.26,2.43
14,16.52,8.26,0.46
14,16.52,8.26,1.28
14,16.52,8.26,2.42
14,16.52,8.26,1.92
14,16.52,8.26,1.78
14,16.52,8.26,0.4
14,16.52,8.26,0.67
14,16.52,8.26,2.6
14,16.52,8.26,1.87
14,16.52,8.26,0.89
14,16.52,8.26,1.24
14,16.52,8.26,1.64
15,16.52,8.26,4.31
15,16.52,8.26,1.79
15,16.52,8.26,2.25
15,16.52,8.26,5.01
15,16.52,8.26,2.58
15,16.52,8.26,1.1
15,16.52,8.26,0.96
15,16.52,8.26,2.73
15,16.52,8.26,2.6
15,16.52,8.26,2.78
15,16.52,8.26,0.83
15,16.52,8.26,0.51
15,16.52,8.26,1
15,16.52,8.26,2.51
15,16.52,8.26,1.96
15,16.52,8.26,0.67
15,16.52,8.26,0.8
15,16.52,8.26,2.89
15,16.52,8.26,2.87
15,16.52,8.26,2.59
15,16.52,8.26,0.17
15,16.52,8.26,0.79
15,16.52,8.26,1.78
15,16.52,8.26,2.53
15,16.52,8.26,1.67
15,16.52,8.26,0.18
15,16.52,8.26,2.67
15,16.52,8.26,3.02
15,16.52,8.26,0.54
15,16.52,8.26,3.2
15,16.52,8.26,2.18
15,16.52,8.26,0.58
15,16.52,8.26,0.5
15,16.52,8.26,2.91
15,16.52,8.26,2.45
15,16.52,8.26,1.3
15,16.52,8.26,0.79
15,16.52,8.26,0.79
15,16.52,8.26,3.82
15,16.52,8.26,2.49
15,16.52,8.26,1.32
15,16.52,8.26,1.07
15,16.52,8.26,1
15,16.52,8.26,1.96
15,16.52,8.26,1.56
15,16.52,8.26,1.13
15,16.52,8.26,2.22
15,16.52,8.26,1.56
15,16.52,8.26,2.28
15,16.52,8.26,0.72
15,16.52,8.26,0.95
15,16.52,8.26,1.69
15,16.52,8.26,0.73
15,16.52,8.26,1.58
15,16.52,8.26,0.37
15,16.52,8.26,0.84
15,16.52,8.26,0.92
15,16.52,8.26,1.47
15,16.52,8.26,1.08
15,16.52,8.26,0.92
15,16.52,8.26,0.56
15,16.52,8.26,0.52
15,16.52,8.26,2.7
15,16.52,8.26,2.69
15,16.52,8.26,0.06
15,16.52,8.26,0.42
15,16.52,8.26,1.19
15,16.52,8.26,2.84
15,16.52,8.26,4.27
15,16.52,8.26,0.26
15,16.52,8.26,2.22
15,16.52,8.26,1.67
15,16.52,8.26,1.93
15,16.52,8.26,1.63
15,16.52,8.26,0.65
15,16.52,8.26,1.93
15,16.52,8.26,1.88
15,16.52,8.26,0.89
15,16.52,8.26,0.15
15,16.52,8.26,0.53
15,16.52,8.26,1.28
15,16.52,8.26,2.01
15,16.52,8.26,1.47
15,16.52,8.26,2.98
15,16.52,8.26,0.74
15,16.52,8.26,0.17
15,16.52,8.26,0.35
15,16.52,8.26,2.85
15,16.52,8.26,1.47
15,16.52,8.26,0.37
15,16.52,8.26,0.86
15,16.52,8.26,1.1
15,16.52,8.26,1.74
15,16.52,8.26,0.93
15,16.52,8.26,1.6
15,16.52,8.26,0.19
16,16.52,8.26,1.88
16,16.52,8.26,0.8
16,16.52,8.26,0.07
16,16.52,8.26,0.69
16,16.52,8.26,0.5
16,16.52,8.26,0.41
16,16.52,8.26,0.93
16,16.52,8.26,0.93
16,16.52,8.26,0.4
16,16.52,8.26,0.29
16,16.52,8.26,0.2
16,16.52,8.26,0.25
16,16.52,8.26,0.01
16,16.52,8.26,0.53
16,16.52,8.26,1.48
16,16.52,8.26,0.07
16,16.52,8.26,0.15
16,16.52,8.26,0.03
16,16.52,8.26,1.56
16,16.52,8.26,1.86
16,16.52,8.26,0.29
16,16.52,8.26,0.01
16,16.52,8.26,0.15
16,16.52,8.26,0.23
16,16.52,8.26,1.48
16,16.52,8.26,2.23
16,16.52,8.26,0.04
16,16.52,8.26,0.14
16,16.52,8.26,0.58
16,16.52,8.26,1.69
16,16.52,8.26,2.4
16,16.52,8.26,0.38
16,16.52,8.26,0.32
16,16.52,8.26,0.83
16,16.52,8.26,1.89
16,16.52,8.26,2.35
16,16.52,8.26,0.18
16,16.52,8.26,0.12
16,16.52,8.26,1.03
16,16.52,8.26,1.94
16,16.52,8.26,1.96
16,16.52,8.26,0.07
16,16.52,8.26,0.11
16,16.52,8.26,1.84
16,16.52,8.26,1.41
16,16.52,8.26,0.13
16,16.52,8.26,0.12
16,16.52,8.26,0.74
16,16.52,8.26,1.26
16,16.52,8.26,2.03
16,16.52,8.26,0.04
16,16.52,8.26,0.52
16,16.52,8.26,0.97
16,16.52,8.26,0.84
16,16.52,8.26,1.25
16,16.52,8.26,1.9
16,16.52,8.26,0.13
16,16.52,8.26,0.81
16,16.52,8.26,1
16,16.52,8.26,0.98
16,16.52,8.26,1.32
16,16.52,8.26,1.34
16,16.52,8.26,0.83
16,16.52,8.26,0.54
16,16.52,8.26,0.82
16,16.52,8.26,0.53
16,16.52,8.26,0.77
16,16.52,8.26,0.88
16,16.52,8.26,0.89
16,16.52,8.26,1
16,16.52,8.26,0.7
16,16.52,8.26,0.75
16,16.52,8.26,0.64
16,16.52,8.26,0.82
16,16.52,8.26,0.18
16,16.52,8.26,1.73
16,16.52,8.26,0.8
16,16.52,8.26,0.9
16,16.52,8.26,0.63
16,16.52,8.26,0.46
16,16.52,8.26,0.26
16,16.52,8.26,0.19
16,16.52,8.26,0.87
16,16.52,8.26,2.12
16,16.52,8.26,0.48
16,16.52,8.26,0.87
16,16.52,8.26,0.99
16,16.52,8.26,0.64
16,16.52,8.26,0.48
16,16.52,8.26,0.82
16,16.52,8.26,1.42
16,16.52,8.26,2.25
16,16.52,8.26,1.95
16,16.52,8.26,2.06
16,16.52,8.26,2.13
16,16.52,8.26,2.36
16,16.52,8.26,1.79
16,16.52,8.26,1.29
16,16.52,8.26,1.17
16,16.52,8.26,1.26
16,16.52,8.26,1.4
16,16.52,8.26,1.91
16,16.52,8.26,0.91
16,16.52,8.26,0.92
16,16.52,8.26,1.55
16,16.52,8.26,1.98
16,16.52,8.26,2.65
16,16.52,8.26,0.69
16,16.52,8.26,0.62
16,16.52,8.26,0.97
16,16.52,8.26,2.11
16,16.52,8.26,2.23
16,16.52,8.26,0.87
16,16.52,8.26,1.11
16,16.52,8.26,0.4
16,16.52,8.26,2.48
16,16.52,8.26,2.83
16,16.52,8.26,1.46
16,16.52,8.26,1.02
16,16.52,8.26,1.77
16,16.52,8.26,2.02
16,16.52,8.26,1.38
16,16.52,8.26,0.61
16,16.52,8.26,2.9
16,16.52,8.26,1.83
16,16.52,8.26,1.54
16,16.52,8.26,2.78
16,16.52,8.26,2.27
16,16.52,8.26,1.53
16,16.52,8.26,1.75
16,16.52,8.26,1.58
16,16.52,8.26,1.99
16,16.52,8.26,1.39
16,16.52,8.26,1.88
16,16.52,8.26,1.4
16,16.52,8.26,0.85
16,16.52,8.26,2
16,16.52,8.26,3.15
16,16.52,8.26,2.89
16,16.52,8.26,1.25
16,16.52,8.26,0.38
16,16.52,8.26,0.38
16,16.52,8.26,0.81
16,16.52,8.26,3.39
16,16.52,8.26,2.73
16,16.52,8.26,0.73
16,16.52,8.26,0.4
16,16.52,8.26,1.71
16,16.52,8.26,2.34
16,16.52,8.26,0.87
16,16.52,8.26,0.04
16,16.52,8.26,1.67
16,16.52,8.26,1.79
16,16.52,8.26,0.98
16,16.52,8.26,2.21
16,16.52,8.26,2.13
16,16.52,8.26,0.86
16,16.52,8.26,0.78
16,16.52,8.26,1.97
16,16.52,8.26,1.73
16,16.52,8.26,1.37
16,16.52,8.26,0.94
16,16.52,8.26,1.95
17,16.52,8.26,0.96
17,16.52,8.26,0.76
17,16.52,8.26,1.28
17,16.52,8.26,1.06
17,16.52,8.26,1.24
17,16.52,8.26,1
17,16.52,8.26,0.19
17,16.52,8.26,0.08
17,16.52,8.26,0.12
17,16.52,8.26,0.52
17,16.52,8.26,1.2
17,16.52,8.26,0.85
17,16.52,8.26,1.09
17,16.52,8.26,0.92
17,16.52,8.26,2.08
17,16.52,8.26,0.82
17,16.52,8.26,0.19
17,16.52,8.26,0.09
17,16.52,8.26,0.03
17,16.52,8.26,0.12
17,16.52,8.26,0.78
17,16.52,8.26,0.6
17,16.52,8.26,0.82
17,16.52,8.26,1.6
17,16.52,8.26,1.57
17,16.52,8.26,0.8
17,16.52,8.26,0.13
17,16.52,8.26,0.32
17,16.52,8.26,0.2
17,16.52,8.26,0.42
17,16.52,8.26,1.52
17,16.52,8.26,1.97
17,16.52,8.26,0.25
17,16.52,8.26,0.2
17,16.52,8.26,0.33
17,16.52,8.26,0.74
17,16.52,8.26,2.15
17,16.52,8.26,1.69
17,16.52,8.26,1.83
17,16.52,8.26,2.02
17,16.52,8.26,0.89
17,16.52,8.26,0.62
17,16.52,8.26,0.56
17,16.52,8.26,0.21
17,16.52,8.26,2.1
17,16.52,8.26,2.13
17,16.52,8.26,0.6
17,16.52,8.26,0.57
17,16.52,8.26,1.61
17,16.52,8.26,1.04
17,16.52,8.26,0.9
17,16.52,8.26,0.9
17,16.52,8.26,0.75
17,16.52,8.26,0.42
17,16.52,8.26,0.26
17,16.52,8.26,0.04
17,16.52,8.26,0.87
17,16.52,8.26,1.13
17,16.52,8.26,1.22
17,16.52,8.26,0.09
17,16.52,8.26,0.82
17,16.52,8.26,0.69
17,16.52,8.26,0.54
17,16.52,8.26,1.4
17,16.52,8.26,0.08
17,16.52,8.26,0.3
17,16.52,8.26,0.33
17,16.52,8.26,1.72
17,16.52,8.26,3.19
17,16.52,8.26,2.48
17,16.52,8.26,2.02
17,16.52,8.26,0.21
17,16.52,8.26,0.08
17,16.52,8.26,0.02
17,16.52,8.26,0.43
17,16.52,8.26,2.18
17,16.52,8.26,0.51
17,16.52,8.26,0.08
17,16.52,8.26,0.37
17,16.52,8.26,1.35
17,16.52,8.26,1.65
17,16.52,8.26,2.04
17,16.52,8.26,1.11
17,16.52,8.26,0.66
17,16.52,8.26,0.02
17,16.52,8.26,0.2
17,16.52,8.26,0.64
17,16.52,8.26,1.68
17,16.52,8.26,1.03
17,16.52,8.26,0.03
17,16.52,8.26,0.55
17,16.52,8.26,2.32
17,16.52,8.26,1.75
17,16.52,8.26,2.42
17,16.52,8.26,1.98
17,16.52,8.26,0.65
17,16.52,8.26,0.02
17,16.52,8.26,0.02
17,16.52,8.26,1.83
17,16.52,8.26,2.4
17,16.52,8.26,0.35
17,16.52,8.26,0.44
17,16.52,8.26,2.45
17,16.52,8.26,1.82
17,16.52,8.26,1.84
17,16.52,8.26,2.24
17,16.52,8.26,1.16
17,16.52,8.26,2.92
17,16.52,8.26,1.77
17,16.52,8.26,1.79
17,16.52,8.26,0.66
17,16.52,8.26,2.48
17,16.52,8.26,3.02
17,16.52,8.26,1.23
17,16.52,8.26,0.58
17,16.52,8.26,2.19
17,16.52,8.26,2.74
17,16.52,8.26,0.02
17,16.52,8.26,4.07
17,16.52,8.26,3.07
17,16.52,8.26,0.45
17,16.52,8.26,0.82
17,16.52,8.26,1.39
17,16.52,8.26,3.06
17,16.52,8.26,0.51
17,16.52,8.26,3.01
17,16.52,8.26,3.36
17,16.52,8.26,0.09
17,16.52,8.26,1.81
17,16.52,8.26,3.34
17,16.52,8.26,0.73
17,16.52,8.26,2.6
17,16.52,8.26,2.62
17,16.52,8.26,2.53
17,16.52,8.26,2.63
17,16.52,8.26,1.62
17,16.52,8.26,2.18
17,16.52,8.26,2.35
17,16.52,8.26,0.42
17,16.52,8.26,1.83
17,16.52,8.26,1.39
17,16.52,8.26,1.99
17,16.52,8.26,0.23
17,16.52,8.26,1.67
17,16.52,8.26,2.75
17,16.52,8.26,0.01
17,16.52,8.26,1.91
17,16.52,8.26,2.25
17,16.52,8.26,0.49
17,16.52,8.26,1.76
17,16.52,8.26,2.31
17,16.52,8.26,0.68
17,16.52,8.26,2.23
17,16.52,8.26,1.88
17,16.52,8.26,0.66
17,16.52,8.26,1.89
17,16.52,8.26,1.88
17,16.52,8.26,0.58
17,16.52,8.26,2.37
17,16.52,8.26,1.03
18,16.52,8.26,1.16
18,16.52,8.26,3.66
18,16.52,8.26,0.61
18,16.52,8.26,0.48
18,16.52,8.26,0.02
18,16.52,8.26,0.38
18,16.52,8.26,2.55
18,16.52,8.26,1.73
18,16.52,8.26,3.27
18,16.52,8.26,1.02
18,16.52,8.26,0.43
18,16.52,8.26,0.17
18,16.52,8.26,0.58
18,16.52,8.26,2.84
18,16.52,8.26,2.24
18,16.52,8.26,2.92
18,16.52,8.26,0.4
18,16.52,8.26,0.36
18,16.52,8.26,1.98
18,16.52,8.26,3.42
18,16.52,8.26,0.83
18,16.52,8.26,0.46
18,16.52,8.26,0.52
18,16.52,8.26,0.59
18,16.52,8.26,2.19
18,16.52,8.26,5.6
18,16.52,8.26,0.25
18,16.52,8.26,0.92
18,16.52,8.26,0.81
18,16.52,8.26,2.26
18,16.52,8.26,5.73
18,16.52,8.26,0.86
18,16.52,8.26,1.4
18,16.52,8.26,1.25
18,16.52,8.26,3.45
18,16.52,8.26,4.89
18,16.52,8.26,1.84
18,16.52,8.26,1.16
18,16.52,8.26,1.08
18,16.52,8.26,2.3
18,16.52,8.26,5.72
18,16.52,8.26,0.35
18,16.52,8.26,0.02
18,16.52,8.26,0.79
18,16.52,8.26,2.15
18,16.52,8.26,2.71
18,16.52,8.26,0.57
18,16.52,8.26,0.8
18,16.52,8.26,1.37
18,16.52,8.26,0.73
18,16.52,8.26,4.32
18,16.52,8.26,0.15
18,16.52,8.26,0.46
18,16.52,8.26,2.44
18,16.52,8.26,2.73
18,16.52,8.26,0.52
18,16.52,8.26,0.39
18,16.52,8.26,1.57
18,16.52,8.26,0.39
18,16.52,8.26,0.4
18,16.52,8.26,3.59
18,16.52,8.26,0.02
18,16.52,8.26,0.78
18,16.52,8.26,2.68
18,16.52,8.26,3.38
18,16.52,8.26,2.52
18,16.52,8.26,0.03
18,16.52,8.26,0.36
18,16.52,8.26,0.69
18,16.52,8.26,2.37
18,16.52,8.26,1.49
18,16.52,8.26,3.28
18,16.52,8.26,2.35
18,16.52,8.26,0.76
18,16.52,8.26,3.7
18,16.52,8.26,2.02
18,16.52,8.26,2.75
18,16.52,8.26,1.32
18,16.52,8.26,1.47
18,16.52,8.26,1.55
18,16.52,8.26,3.57
18,16.52,8.26,1.33
18,16.52,8.26,0.73
18,16.52,8.26,3.13
18,16.52,8.26,3.72
18,16.52,8.26,1.12
18,16.52,8.26,1.57
18,16.52,8.26,3.09
18,16.52,8.26,0.64
18,16.52,8.26,1.56
18,16.52,8.26,1.93
18,16.52,8.26,3.64
18,16.52,8.26,0.99
18,16.52,8.26,0.98
18,16.52,8.26,4.24
18,16.52,8.26,2.33
18,16.52,8.26,0.03
18,16.52,8.26,3.01
18,16.52,8.26,0.74
18,16.52,8.26,0.15
18,16.52,8.26,4.32
18,16.52,8.26,2.3
18,16.52,8.26,3.32
18,16.52,8.26,0.02
18,16.52,8.26,3.64
18,16.52,8.26,2.74
18,16.52,8.26,0.63
18,16.52,8.26,2.53
18,16.52,8.26,1
18,16.52,8.26,1.24
18,16.52,8.26,2.7
18,16.52,8.26,2.32
18,16.52,8.26,2.37
18,16.52,8.26,0.7
18,16.52,8.26,2.42
18,16.52,8.26,0.2
18,16.52,8.26,2.27
18,16.52,8.26,1.45
18,16.52,8.26,1.29
19,16.52,8.26,1.2
19,16.52,8.26,1.1
19,16.52,8.26,0.9
19,16.52,8.26,0.21
19,16.52,8.26,0.05
19,16.52,8.26,1.39
19,16.52,8.26,1.98
19,16.52,8.26,0.15
19,16.52,8.26,0.68
19,16.52,8.26,1.73
19,16.52,8.26,0.67
19,16.52,8.26,0.78
19,16.52,8.26,1.12
19,16.52,8.26,1.35
19,16.52,8.26,0.87
19,16.52,8.26,2.17
19,16.52,8.26,0.61
19,16.52,8.26,0.98
19,16.52,8.26,1.06
19,16.52,8.26,1.46
19,16.52,8.26,1.64
19,16.52,8.26,0.86
19,16.52,8.26,1.56
19,16.52,8.26,1.39
19,16.52,8.26,0.19
19,16.52,8.26,0.28
19,16.52,8.26,1.31
19,16.52,8.26,2.13
19,16.52,8.26,0.36
19,16.52,8.26,0.1
19,16.52,8.26,0.08
19,16.52,8.26,0.23
19,16.52,8.26,2.83
19,16.52,8.26,2.16
19,16.52,8.26,0.27
19,16.52,8.26,0.1
19,16.52,8.26,1.17
19,16.52,8.26,2.19
19,16.52,8.26,2.36
19,16.52,8.26,0.28
19,16.52,8.26,0.33
19,16.52,8.26,0.23
19,16.52,8.26,0.48
19,16.52,8.26,1.76
19,16.52,8.26,1.71
19,16.52,8.26,0.44
19,16.52,8.26,0.34
19,16.52,8.26,0.39
19,16.52,8.26,2.25
19,16.52,8.26,1.32
19,16.52,8.26,0.23
19,16.52,8.26,0.76
19,16.52,8.26,2.55
19,16.52,8.26,1.84
19,16.52,8.26,0.5
19,16.52,8.26,0.58
19,16.52,8.26,1.73
19,16.52,8.26,1.16
19,16.52,8.26,1.12
19,16.52,8.26,0.89
19,16.52,8.26,1.61
19,16.52,8.26,0.79
19,16.52,8.26,0.34
19,16.52,8.26,0.13
19,16.52,8.26,0.4
19,16.52,8.26,0.87
19,16.52,8.26,3.04
19,16.52,8.26,1.48
19,16.52,8.26,0.16
19,16.52,8.26,0.18
19,16.52,8.26,2.93
19,16.52,8.26,1.84
19,16.52,8.26,0.77
19,16.52,8.26,0.18
19,16.52,8.26,0.14
19,16.52,8.26,0.5
19,16.52,8.26,3.06
19,16.52,8.26,2.22
19,16.52,8.26,1.89
19,16.52,8.26,0.63
19,16.52,8.26,0.22
19,16.52,8.26,0.26
19,16.52,8.26,2.34
19,16.52,8.26,3.02
19,16.52,8.26,0.63
19,16.52,8.26,1.04
19,16.52,8.26,1.52
19,16.52,8.26,0.36
19,16.52,8.26,4.83
19,16.52,8.26,0.46
19,16.52,8.26,0.3
19,16.52,8.26,1.2
19,16.52,8.26,2.51
19,16.52,8.26,2.08
19,16.52,8.26,1.73
19,16.52,8.26,0.83
19,16.52,8.26,0.15
19,16.52,8.26,0.61
19,16.52,8.26,1.61
19,16.52,8.26,2.56
19,16.52,8.26,0.23
19,16.52,8.26,1.14
19,16.52,8.26,2.18
19,16.52,8.26,2.08
19,16.52,8.26,0.56
19,16.52,8.26,2.24
19,16.52,8.26,0.67
19,16.52,8.26,1.82
19,16.52,8.26,2.15
19,16.52,8.26,0.26
19,16.52,8.26,0.4
19,16.52,8.26,2.36
19,16.52,8.26,3.69
19,16.52,8.26,0.58
19,16.52,8.26,0.32
19,16.52,8.26,0.4
19,16.52,8.26,2.23
19,16.52,8.26,2.98
19,16.52,8.26,0.46
19,16.52,8.26,0.47
19,16.52,8.26,0.46
19,16.52,8.26,1.52
19,16.52,8.26,2.02
20,16.52,8.26,0.54
20,16.52,8.26,0.1
20,16.52,8.26,2.08
20,16.52,8.26,1.88
20,16.52,8.26,0.33
20,16.52,8.26,0.09
20,16.52,8.26,0.17
20,16.52,8.26,1
20,16.52,8.26,0.43
20,16.52,8.26,0.29
20,16.52,8.26,1.18
20,16.52,8.26,1.92
20,16.52,8.26,1.73
20,16.52,8.26,1.56
20,16.52,8.26,1.01
20,16.52,8.26,0.25
20,16.52,8.26,0.24
20,16.52,8.26,2.42
20,16.52,8.26,1.63
20,16.52,8.26,0.57
20,16.52,8.26,0.99
20,16.52,8.26,0.96
20,16.52,8.26,1.3
20,16.52,8.26,0.93
20,16.52,8.26,1.52
20,16.52,8.26,0.9
20,16.52,8.26,0.74
20,16.52,8.26,0.71
20,16.52,8.26,0.64
20,16.52,8.26,2.22
20,16.52,8.26,1.32
20,16.52,8.26,0.58
20,16.52,8.26,0.45
20,16.52,8.26,0.96
20,16.52,8.26,1.72
20,16.52,8.26,1.65
20,16.52,8.26,1.04
20,16.52,8.26,0.25
20,16.52,8.26,0.44
20,16.52,8.26,0.73
20,16.52,8.26,1.83
20,16.52,8.26,1.46
20,16.52,8.26,0.35
20,16.52,8.26,0.62
20,16.52,8.26,1.86
20,16.52,8.26,1.12
20,16.52,8.26,1.12
20,16.52,8.26,1.24
20,16.52,8.26,0.62
20,16.52,8.26,0.58
20,16.52,8.26,1.43
20,16.52,8.26,1.8
20,16.52,8.26,3.13
20,16.52,8.26,0.43
20,16.52,8.26,0.79
20,16.52,8.26,0.91
20,16.52,8.26,1.19
20,16.52,8.26,1.42
20,16.52,8.26,0.45
20,16.52,8.26,0.54
20,16.52,8.26,2.28
20,16.52,8.26,1.56
20,16.52,8.26,0.7
20,16.52,8.26,0.95
20,16.52,8.26,0.81
20,16.52,8.26,1.09
20,16.52,8.26,5.02
20,16.52,8.26,4.03
20,16.52,8.26,1
20,16.52,8.26,0.92
20,16.52,8.26,0.72
20,16.52,8.26,0.86
20,16.52,8.26,0.96
20,16.52,8.26,1.05
20,16.52,8.26,1.58
20,16.52,8.26,2.66
20,16.52,8.26,0.62
20,16.52,8.26,0.02
20,16.52,8.26,2.25
20,16.52,8.26,2.51
20,16.52,8.26,0.52
20,16.52,8.26,0.29
20,16.52,8.26,0.2
20,16.52,8.26,1.61
20,16.52,8.26,0.75
20,16.52,8.26,0.41
20,16.52,8.26,1.78
20,16.52,8.26,1.92
20,16.52,8.26,0.76
20,16.52,8.26,0.67
20,16.52,8.26,1.28
20,16.52,8.26,1.77
20,16.52,8.26,0.75
20,16.52,8.26,0.72
20,16.52,8.26,5.6
20,16.52,8.26,5.8
20,16.52,8.26,1.6
20,16.52,8.26,2.96
20,16.52,8.26,4.4
20,16.52,8.26,0.19
20,16.52,8.26,1.62
20,16.52,8.26,3.02
20,16.52,8.26,2.14
20,16.52,8.26,1.57
20,16.52,8.26,0.09
20,16.52,8.26,0.7
20,16.52,8.26,3.43
20,16.52,8.26,4.29
20,16.52,8.26,2.57
20,16.52,8.26,1.93
20,16.52,8.26,1.38
20,16.52,8.26,1.08
20,16.52,8.26,0.53
20,16.52,8.26,0.88
20,16.52,8.26,4.74
20,16.52,8.26,2.63
20,16.52,8.26,0.54
20,16.52,8.26,0.95
20,16.52,8.26,2.43
20,16.52,8.26,1.27
20,16.52,8.26,0.49
20,16.52,8.26,1.28
20,16.52,8.26,0.53
20,16.52,8.26,2.59
20,16.52,8.26,1.83
20,16.52,8.26,0.02
20,16.52,8.26,2.1
20,16.52,8.26,2.6
20,16.52,8.26,0.54
20,16.52,8.26,0.92
20,16.52,8.26,1.16
20,16.52,8.26,1.61
20,16.52,8.26,2.92
20,16.52,8.26,2.07
20,16.52,8.26,0.99
20,16.52,8.26,0.33
20,16.52,8.26,1.8
20,16.52,8.26,2.98
20,16.52,8.26,0.72
20,16.52,8.26,5.19
20,16.52,8.26,2.21
20,16.52,8.26,0.54
20,16.52,8.26,1.36
20,16.52,8.26,2.03
20,16.52,8.26,3.34
20,16.52,8.26,0.29
20,16.52,8.26,0.49
20,16.52,8.26,3.07
20,16.52,8.26,1.92
20,16.52,8.26,5.32
20,16.52,8.26,0.71
20,16.52,8.26,0.02
20,16.52,8.26,2.25
20,16.52,8.26,4.58
20,16.52,8.26,0.07
20,16.52,8.26,1.25
20,16.52,8.26,0.53
20,16.52,8.26,2.36
20,16.52,8.26,0.32
